"module","file","method","path"
"intellicare-comunicacao","MODULARIZACAO\intellicare-comunicacao\comunicacao\api\app.py","POST","/api/v1/bot/start"
"intellicare-comunicacao","MODULARIZACAO\intellicare-comunicacao\comunicacao\api\app.py","GET","/api/v1/bot/status"
"intellicare-comunicacao","MODULARIZACAO\intellicare-comunicacao\comunicacao\api\app.py","POST","/api/v1/bot/stop"
"intellicare-comunicacao","MODULARIZACAO\intellicare-comunicacao\comunicacao\api\case_room_routes.py","GET","/api/v1/case-room/{patient_id}"
"intellicare-comunicacao","MODULARIZACAO\intellicare-comunicacao\comunicacao\api\case_room_routes.py","POST","/api/v1/case-room/{patient_id}"
"intellicare-comunicacao","MODULARIZACAO\intellicare-comunicacao\comunicacao\api\case_room_routes.py","POST","/api/v1/case-room/{patient_id}/alert"
"intellicare-comunicacao","MODULARIZACAO\intellicare-comunicacao\comunicacao\api\case_room_routes.py","DELETE","/api/v1/case-room/{patient_id}/archive"
"intellicare-comunicacao","MODULARIZACAO\intellicare-comunicacao\comunicacao\api\case_room_routes.py","POST","/api/v1/case-room/{patient_id}/members"
"intellicare-comunicacao","MODULARIZACAO\intellicare-comunicacao\comunicacao\api\case_room_routes.py","POST","/api/v1/case-room/{patient_id}/summary"
"intellicare-comunicacao","MODULARIZACAO\intellicare-comunicacao\comunicacao\api\channel_routes.py","GET","/api/v1/channels/{channel}/health"
"intellicare-comunicacao","MODULARIZACAO\intellicare-comunicacao\comunicacao\api\channel_routes.py","POST","/api/v1/channels/{channel}/test"
"intellicare-comunicacao","MODULARIZACAO\intellicare-comunicacao\comunicacao\api\email_routes.py","POST","/api/v1/email/send"
"intellicare-comunicacao","MODULARIZACAO\intellicare-comunicacao\comunicacao\api\email_routes.py","GET","/api/v1/email/templates"
"intellicare-comunicacao","MODULARIZACAO\intellicare-comunicacao\comunicacao\api\email_routes.py","POST","/api/v1/email/templates/preview"
"intellicare-comunicacao","MODULARIZACAO\intellicare-comunicacao\comunicacao\api\app.py","POST","/api/v1/events/clinical-alert"
"intellicare-comunicacao","MODULARIZACAO\intellicare-comunicacao\comunicacao\api\app.py","POST","/api/v1/events/consumer/start"
"intellicare-comunicacao","MODULARIZACAO\intellicare-comunicacao\comunicacao\api\app.py","GET","/api/v1/events/consumer/status"
"intellicare-comunicacao","MODULARIZACAO\intellicare-comunicacao\comunicacao\api\app.py","POST","/api/v1/events/consumer/stop"
"intellicare-comunicacao","MODULARIZACAO\intellicare-comunicacao\comunicacao\api\app.py","GET","/api/v1/events/metrics"
"intellicare-comunicacao","MODULARIZACAO\intellicare-comunicacao\comunicacao\api\app.py","POST","/api/v1/events/metrics/reset"
"intellicare-comunicacao","MODULARIZACAO\intellicare-comunicacao\comunicacao\api\app.py","GET","/api/v1/health"
"intellicare-comunicacao","MODULARIZACAO\intellicare-comunicacao\src\comunicacao\api\main.py","GET","/api/v1/health"
"intellicare-comunicacao","MODULARIZACAO\intellicare-comunicacao\comunicacao\api\health_routes.py","GET","/api/v1/health/channels"
"intellicare-comunicacao","MODULARIZACAO\intellicare-comunicacao\comunicacao\api\health_routes.py","GET","/api/v1/health/channels/{channel}"
"intellicare-comunicacao","MODULARIZACAO\intellicare-comunicacao\comunicacao\api\health_routes.py","GET","/api/v1/health/db"
"intellicare-comunicacao","MODULARIZACAO\intellicare-comunicacao\comunicacao\api\health_routes.py","GET","/api/v1/health/liveness"
"intellicare-comunicacao","MODULARIZACAO\intellicare-comunicacao\comunicacao\api\health_routes.py","GET","/api/v1/health/readiness"
"intellicare-comunicacao","MODULARIZACAO\intellicare-comunicacao\comunicacao\api\health_routes.py","GET","/api/v1/health/redis"
"intellicare-comunicacao","MODULARIZACAO\intellicare-comunicacao\comunicacao\api\app.py","GET","/api/v1/info"
"intellicare-comunicacao","MODULARIZACAO\intellicare-comunicacao\src\comunicacao\api\endpoints.py","GET","/api/v1/intents"
"intellicare-comunicacao","MODULARIZACAO\intellicare-comunicacao\comunicacao\api\jitsi_routes.py","DELETE","/api/v1/jitsi/participants/{participant_id}"
"intellicare-comunicacao","MODULARIZACAO\intellicare-comunicacao\comunicacao\api\jitsi_routes.py","GET","/api/v1/jitsi/rooms"
"intellicare-comunicacao","MODULARIZACAO\intellicare-comunicacao\comunicacao\api\jitsi_routes.py","POST","/api/v1/jitsi/rooms"
"intellicare-comunicacao","MODULARIZACAO\intellicare-comunicacao\comunicacao\api\jitsi_routes.py","GET","/api/v1/jitsi/rooms/{room_id}"
"intellicare-comunicacao","MODULARIZACAO\intellicare-comunicacao\comunicacao\api\jitsi_routes.py","POST","/api/v1/jitsi/rooms/{room_id}/cancel"
"intellicare-comunicacao","MODULARIZACAO\intellicare-comunicacao\comunicacao\api\jitsi_routes.py","POST","/api/v1/jitsi/rooms/{room_id}/end"
"intellicare-comunicacao","MODULARIZACAO\intellicare-comunicacao\comunicacao\api\jitsi_routes.py","POST","/api/v1/jitsi/rooms/{room_id}/participants"
"intellicare-comunicacao","MODULARIZACAO\intellicare-comunicacao\comunicacao\api\jitsi_routes.py","POST","/api/v1/jitsi/rooms/{room_id}/start"
"intellicare-comunicacao","MODULARIZACAO\intellicare-comunicacao\comunicacao\api\jitsi_routes.py","POST","/api/v1/jitsi/webhook"
"intellicare-comunicacao","MODULARIZACAO\intellicare-comunicacao\comunicacao\api\lgpd_routes.py","POST","/api/v1/lgpd/anonymize/{patient_id}"
"intellicare-comunicacao","MODULARIZACAO\intellicare-comunicacao\comunicacao\api\lgpd_routes.py","GET","/api/v1/lgpd/audit"
"intellicare-comunicacao","MODULARIZACAO\intellicare-comunicacao\comunicacao\api\lgpd_routes.py","GET","/api/v1/lgpd/audit/{intent_id}"
"intellicare-comunicacao","MODULARIZACAO\intellicare-comunicacao\comunicacao\api\lgpd_routes.py","GET","/api/v1/lgpd/audit/patient/{patient_id}"
"intellicare-comunicacao","MODULARIZACAO\intellicare-comunicacao\comunicacao\api\lgpd_routes.py","GET","/api/v1/lgpd/compliance-report"
"intellicare-comunicacao","MODULARIZACAO\intellicare-comunicacao\comunicacao\api\lgpd_routes.py","DELETE","/api/v1/lgpd/consent/{patient_id}"
"intellicare-comunicacao","MODULARIZACAO\intellicare-comunicacao\comunicacao\api\lgpd_routes.py","POST","/api/v1/lgpd/consent/{patient_id}"
"intellicare-comunicacao","MODULARIZACAO\intellicare-comunicacao\comunicacao\api\lgpd_routes.py","GET","/api/v1/lgpd/consent/{patient_id}/history"
"intellicare-comunicacao","MODULARIZACAO\intellicare-comunicacao\comunicacao\api\lgpd_routes.py","GET","/api/v1/lgpd/export/{patient_id}"
"intellicare-comunicacao","MODULARIZACAO\intellicare-comunicacao\comunicacao\api\lgpd_routes.py","GET","/api/v1/lgpd/preferences/{patient_id}"
"intellicare-comunicacao","MODULARIZACAO\intellicare-comunicacao\comunicacao\api\lgpd_routes.py","PUT","/api/v1/lgpd/preferences/{patient_id}"
"intellicare-comunicacao","MODULARIZACAO\intellicare-comunicacao\comunicacao\api\lgpd_routes.py","POST","/api/v1/lgpd/preferences/{patient_id}/opt-in/{channel}"
"intellicare-comunicacao","MODULARIZACAO\intellicare-comunicacao\comunicacao\api\lgpd_routes.py","POST","/api/v1/lgpd/preferences/{patient_id}/opt-out/{channel}"
"intellicare-comunicacao","MODULARIZACAO\intellicare-comunicacao\comunicacao\api\lgpd_routes.py","PUT","/api/v1/lgpd/preferences/{patient_id}/quiet-hours"
"intellicare-comunicacao","MODULARIZACAO\intellicare-comunicacao\comunicacao\api\lgpd_routes.py","GET","/api/v1/lgpd/verify-chain"
"intellicare-comunicacao","MODULARIZACAO\intellicare-comunicacao\comunicacao\api\app.py","GET","/api/v1/links/patient-room"
"intellicare-comunicacao","MODULARIZACAO\intellicare-comunicacao\comunicacao\api\app.py","POST","/api/v1/links/patient-room"
"intellicare-comunicacao","MODULARIZACAO\intellicare-comunicacao\comunicacao\api\app.py","DELETE","/api/v1/links/patient-room/{patient_id}"
"intellicare-comunicacao","MODULARIZACAO\intellicare-comunicacao\comunicacao\api\app.py","GET","/api/v1/links/patient-room/{patient_id}"
"intellicare-comunicacao","MODULARIZACAO\intellicare-comunicacao\comunicacao\api\app.py","POST","/api/v1/messages/send"
"intellicare-comunicacao","MODULARIZACAO\intellicare-comunicacao\comunicacao\api\push_routes.py","POST","/api/v1/push/subscribe"
"intellicare-comunicacao","MODULARIZACAO\intellicare-comunicacao\comunicacao\api\push_routes.py","DELETE","/api/v1/push/subscribe/{subscription_id}"
"intellicare-comunicacao","MODULARIZACAO\intellicare-comunicacao\comunicacao\api\push_routes.py","GET","/api/v1/push/subscriptions"
"intellicare-comunicacao","MODULARIZACAO\intellicare-comunicacao\comunicacao\api\push_routes.py","POST","/api/v1/push/test"
"intellicare-comunicacao","MODULARIZACAO\intellicare-comunicacao\comunicacao\api\push_routes.py","GET","/api/v1/push/vapid-key"
"intellicare-comunicacao","MODULARIZACAO\intellicare-comunicacao\comunicacao\api\app.py","POST","/api/v1/rooms"
"intellicare-comunicacao","MODULARIZACAO\intellicare-comunicacao\comunicacao\api\app.py","POST","/api/v1/rooms/{room_id}/invite"
"intellicare-comunicacao","MODULARIZACAO\intellicare-comunicacao\comunicacao\api\routing_routes.py","GET","/api/v1/routing/intents"
"intellicare-comunicacao","MODULARIZACAO\intellicare-comunicacao\comunicacao\api\routing_routes.py","GET","/api/v1/routing/intents/{intent_id}"
"intellicare-comunicacao","MODULARIZACAO\intellicare-comunicacao\comunicacao\api\routing_routes.py","PUT","/api/v1/routing/intents/{intent_id}/cancel"
"intellicare-comunicacao","MODULARIZACAO\intellicare-comunicacao\comunicacao\api\routing_routes.py","GET","/api/v1/routing/metrics"
"intellicare-comunicacao","MODULARIZACAO\intellicare-comunicacao\comunicacao\api\routing_routes.py","GET","/api/v1/routing/rules"
"intellicare-comunicacao","MODULARIZACAO\intellicare-comunicacao\comunicacao\api\routing_routes.py","PUT","/api/v1/routing/rules/{rule_id}"
"intellicare-comunicacao","MODULARIZACAO\intellicare-comunicacao\comunicacao\api\routing_routes.py","POST","/api/v1/routing/scheduler/process-due"
"intellicare-comunicacao","MODULARIZACAO\intellicare-comunicacao\comunicacao\api\routing_routes.py","POST","/api/v1/routing/scheduler/start"
"intellicare-comunicacao","MODULARIZACAO\intellicare-comunicacao\comunicacao\api\routing_routes.py","GET","/api/v1/routing/scheduler/status"
"intellicare-comunicacao","MODULARIZACAO\intellicare-comunicacao\comunicacao\api\routing_routes.py","POST","/api/v1/routing/scheduler/stop"
"intellicare-comunicacao","MODULARIZACAO\intellicare-comunicacao\comunicacao\api\routing_routes.py","POST","/api/v1/routing/send"
"intellicare-comunicacao","MODULARIZACAO\intellicare-comunicacao\comunicacao\api\routing_routes.py","POST","/api/v1/routing/send-batch"
"intellicare-comunicacao","MODULARIZACAO\intellicare-comunicacao\src\comunicacao\api\endpoints.py","POST","/api/v1/send"
"intellicare-comunicacao","MODULARIZACAO\intellicare-comunicacao\comunicacao\api\sms_routes.py","GET","/api/v1/sms/providers"
"intellicare-comunicacao","MODULARIZACAO\intellicare-comunicacao\comunicacao\api\sms_routes.py","POST","/api/v1/sms/send"
"intellicare-comunicacao","MODULARIZACAO\intellicare-comunicacao\src\comunicacao\api\endpoints.py","GET","/api/v1/status/{message_id}"
"intellicare-comunicacao","MODULARIZACAO\intellicare-comunicacao\comunicacao\api\template_routes.py","DELETE","/api/v1/templates/{template_id}"
"intellicare-comunicacao","MODULARIZACAO\intellicare-comunicacao\comunicacao\api\template_routes.py","GET","/api/v1/templates/{template_id}"
"intellicare-comunicacao","MODULARIZACAO\intellicare-comunicacao\comunicacao\api\template_routes.py","PUT","/api/v1/templates/{template_id}"
"intellicare-comunicacao","MODULARIZACAO\intellicare-comunicacao\comunicacao\api\template_routes.py","POST","/api/v1/templates/{template_id}/preview"
"intellicare-comunicacao","MODULARIZACAO\intellicare-comunicacao\comunicacao\api\template_routes.py","POST","/api/v1/templates/{template_id}/validate"
"intellicare-comunicacao","MODULARIZACAO\intellicare-comunicacao\comunicacao\api\webhook_routes.py","GET","/api/v1/webhooks/whatsapp"
"intellicare-comunicacao","MODULARIZACAO\intellicare-comunicacao\comunicacao\api\webhook_routes.py","POST","/api/v1/webhooks/whatsapp"
"intellicare-comunicacao","MODULARIZACAO\intellicare-comunicacao\comunicacao\api\whatsapp_routes.py","POST","/api/v1/whatsapp/send"
"intellicare-comunicacao","MODULARIZACAO\intellicare-comunicacao\comunicacao\api\whatsapp_routes.py","GET","/api/v1/whatsapp/templates"
"intellicare-comunicacao","MODULARIZACAO\intellicare-comunicacao\comunicacao\api\whatsapp_routes.py","GET","/api/v1/whatsapp/templates/{template_name}"
"intellicare-comunicacao","MODULARIZACAO\intellicare-comunicacao\comunicacao\api\app.py","GET","/metrics"
"intellicare-conhecimento","MODULARIZACAO\intellicare-conhecimento\conhecimento\api\app.py","GET","/api/v1/health"
"intellicare-conhecimento","MODULARIZACAO\intellicare-conhecimento\conhecimento\api\app.py","GET","/api/v1/info"
"intellicare-conhecimento","MODULARIZACAO\intellicare-conhecimento\conhecimento\api\protocolos.py","GET","/api/v1/protocolos/{protocol_id}"
"intellicare-conhecimento","MODULARIZACAO\intellicare-conhecimento\conhecimento\api\protocolos.py","PUT","/api/v1/protocolos/{protocol_id}"
"intellicare-conhecimento","MODULARIZACAO\intellicare-conhecimento\conhecimento\api\protocolos.py","GET","/api/v1/protocolos/{protocol_id}/history"
"intellicare-conhecimento","MODULARIZACAO\intellicare-conhecimento\conhecimento\api\protocolos.py","POST","/api/v1/protocolos/{protocol_id}/transition"
"intellicare-conhecimento","MODULARIZACAO\intellicare-conhecimento\conhecimento\api\protocolos.py","POST","/api/v1/protocolos/search"
"intellicare-conhecimento","MODULARIZACAO\intellicare-conhecimento\conhecimento\api\rag.py","POST","/api/v1/rag/query"
"intellicare-conhecimento","MODULARIZACAO\intellicare-conhecimento\conhecimento\api\rag.py","POST","/api/v1/rag/reindex"
"intellicare-conhecimento","MODULARIZACAO\intellicare-conhecimento\conhecimento\api\templates.py","GET","/api/v1/templates/careplan/{condition}"
"intellicare-conhecimento","MODULARIZACAO\intellicare-conhecimento\conhecimento\api\templates.py","POST","/api/v1/templates/careplan/generate"
"intellicare-conhecimento","MODULARIZACAO\intellicare-conhecimento\conhecimento\api\terminologias.py","GET","/api/v1/terminologias/{system}/{code}"
"intellicare-conhecimento","MODULARIZACAO\intellicare-conhecimento\conhecimento\api\terminologias.py","GET","/api/v1/terminologias/mapeamentos"
"intellicare-conhecimento","MODULARIZACAO\intellicare-conhecimento\conhecimento\api\terminologias.py","POST","/api/v1/terminologias/search"
"intellicare-donabedian","MODULARIZACAO\intellicare-donabedian\src\donabedian\api\routes\assessment.py","POST","/assess"
"intellicare-donabedian","MODULARIZACAO\intellicare-donabedian\src\donabedian\api\routes\assessment.py","GET","/assess/pillar/{pillar_id}"
"intellicare-donabedian","MODULARIZACAO\intellicare-donabedian\src\donabedian\api\routes\assessment.py","GET","/assess/triad/{dimension}"
"intellicare-donabedian","MODULARIZACAO\intellicare-donabedian\src\donabedian\api\routes\dashboard.py","GET","/dashboard"
"intellicare-donabedian","MODULARIZACAO\intellicare-donabedian\src\donabedian\api\routes\dashboard.py","GET","/dashboard/indicators"
"intellicare-donabedian","MODULARIZACAO\intellicare-donabedian\src\donabedian\api\routes\dashboard.py","GET","/dashboard/pillars"
"intellicare-donabedian","MODULARIZACAO\intellicare-donabedian\src\donabedian\api\routes\health.py","GET","/health"
"intellicare-donabedian","MODULARIZACAO\intellicare-donabedian\src\donabedian\api\routes\indicator_pillars.py","GET","/indicator-pillars"
"intellicare-donabedian","MODULARIZACAO\intellicare-donabedian\src\donabedian\api\routes\indicator_pillars.py","POST","/indicator-pillars"
"intellicare-donabedian","MODULARIZACAO\intellicare-donabedian\src\donabedian\api\routes\indicator_pillars.py","DELETE","/indicator-pillars/{association_id}"
"intellicare-donabedian","MODULARIZACAO\intellicare-donabedian\src\donabedian\api\routes\indicator_pillars.py","GET","/indicator-pillars/{association_id}"
"intellicare-donabedian","MODULARIZACAO\intellicare-donabedian\src\donabedian\api\routes\indicator_pillars.py","PUT","/indicator-pillars/{association_id}"
"intellicare-donabedian","MODULARIZACAO\intellicare-donabedian\src\donabedian\api\routes\indicators.py","GET","/indicators"
"intellicare-donabedian","MODULARIZACAO\intellicare-donabedian\src\donabedian\api\routes\indicators.py","POST","/indicators"
"intellicare-donabedian","MODULARIZACAO\intellicare-donabedian\src\donabedian\api\routes\indicators.py","DELETE","/indicators/{indicator_id}"
"intellicare-donabedian","MODULARIZACAO\intellicare-donabedian\src\donabedian\api\routes\indicators.py","GET","/indicators/{indicator_id}"
"intellicare-donabedian","MODULARIZACAO\intellicare-donabedian\src\donabedian\api\routes\indicators.py","PUT","/indicators/{indicator_id}"
"intellicare-donabedian","MODULARIZACAO\intellicare-donabedian\src\donabedian\api\routes\health.py","GET","/info"
"intellicare-donabedian","MODULARIZACAO\intellicare-donabedian\src\donabedian\api\dependencies.py","GET","/items"
"intellicare-donabedian","MODULARIZACAO\intellicare-donabedian\src\donabedian\api\routes\measurements.py","GET","/measurements"
"intellicare-donabedian","MODULARIZACAO\intellicare-donabedian\src\donabedian\api\routes\measurements.py","POST","/measurements"
"intellicare-donabedian","MODULARIZACAO\intellicare-donabedian\src\donabedian\api\routes\measurements.py","DELETE","/measurements/{measurement_id}"
"intellicare-donabedian","MODULARIZACAO\intellicare-donabedian\src\donabedian\api\routes\measurements.py","GET","/measurements/{measurement_id}"
"intellicare-donabedian","MODULARIZACAO\intellicare-donabedian\src\donabedian\api\routes\measurements.py","PUT","/measurements/{measurement_id}"
"intellicare-donabedian","MODULARIZACAO\intellicare-donabedian\src\donabedian\api\routes\pillars.py","GET","/pillars"
"intellicare-donabedian","MODULARIZACAO\intellicare-donabedian\src\donabedian\api\routes\pillars.py","POST","/pillars"
"intellicare-donabedian","MODULARIZACAO\intellicare-donabedian\src\donabedian\api\routes\pillars.py","DELETE","/pillars/{pillar_id}"
"intellicare-donabedian","MODULARIZACAO\intellicare-donabedian\src\donabedian\api\routes\pillars.py","GET","/pillars/{pillar_id}"
"intellicare-donabedian","MODULARIZACAO\intellicare-donabedian\src\donabedian\api\routes\pillars.py","PUT","/pillars/{pillar_id}"
"intellicare-donabedian","MODULARIZACAO\intellicare-donabedian\src\donabedian\api\routes\trends.py","GET","/trends/{indicator_id}"
"intellicare-donabedian","MODULARIZACAO\intellicare-donabedian\src\donabedian\api\routes\trends.py","GET","/trends/pillar/{pillar_id}"
"intellicare-florence","MODULARIZACAO\intellicare-florence\src\florence\api\main.py","GET","/"
"intellicare-florence","MODULARIZACAO\intellicare-florence\src\florence\api\main.py","GET","/api"
"intellicare-florence","MODULARIZACAO\intellicare-florence\florence\api\app.py","POST","/api/v1/analyze"
"intellicare-florence","MODULARIZACAO\intellicare-florence\florence\api\app.py","POST","/api/v1/analyze-with-rag"
"intellicare-florence","MODULARIZACAO\intellicare-florence\florence\api\app.py","GET","/api/v1/health"
"intellicare-florence","MODULARIZACAO\intellicare-florence\florence\api\app.py","GET","/api/v1/info"
"intellicare-florence","MODULARIZACAO\intellicare-florence\florence\api\app.py","POST","/api/v1/interpret"
"intellicare-florence","MODULARIZACAO\intellicare-florence\florence\api\app.py","GET","/api/v1/labs"
"intellicare-florence","MODULARIZACAO\intellicare-florence\florence\api\app.py","GET","/api/v1/panels"
"intellicare-florence","MODULARIZACAO\intellicare-florence\florence\api\app.py","GET","/api/v1/rag/protocols"
"intellicare-florence","MODULARIZACAO\intellicare-florence\florence\api\app.py","POST","/api/v1/rag/query"
"intellicare-florence","MODULARIZACAO\intellicare-florence\src\florence\api\main.py","GET","/health"
"intellicare-geralda","MODULARIZACAO\intellicare-geralda\geralda\api\app.py","GET","/api/v1/adherence/{plan_id}"
"intellicare-geralda","MODULARIZACAO\intellicare-geralda\src\geralda\api\app.py","GET","/api/v1/adherence/{plan_id}"
"intellicare-geralda","MODULARIZACAO\intellicare-geralda\geralda\api\app.py","GET","/api/v1/education/{condition_code}"
"intellicare-geralda","MODULARIZACAO\intellicare-geralda\geralda\api\app.py","GET","/api/v1/education/conditions"
"intellicare-geralda","MODULARIZACAO\intellicare-geralda\geralda\api\app.py","GET","/api/v1/education/material/{material_id}"
"intellicare-geralda","MODULARIZACAO\intellicare-geralda\geralda\api\app.py","GET","/api/v1/education/search"
"intellicare-geralda","MODULARIZACAO\intellicare-geralda\geralda\api\app.py","GET","/api/v1/health"
"intellicare-geralda","MODULARIZACAO\intellicare-geralda\src\geralda\api\app.py","GET","/api/v1/health"
"intellicare-geralda","MODULARIZACAO\intellicare-geralda\geralda\api\app.py","GET","/api/v1/info"
"intellicare-geralda","MODULARIZACAO\intellicare-geralda\src\geralda\api\app.py","GET","/api/v1/info"
"intellicare-geralda","MODULARIZACAO\intellicare-geralda\geralda\api\app.py","GET","/api/v1/plans"
"intellicare-geralda","MODULARIZACAO\intellicare-geralda\src\geralda\api\app.py","GET","/api/v1/plans"
"intellicare-geralda","MODULARIZACAO\intellicare-geralda\geralda\api\app.py","POST","/api/v1/plans"
"intellicare-geralda","MODULARIZACAO\intellicare-geralda\src\geralda\api\app.py","POST","/api/v1/plans"
"intellicare-geralda","MODULARIZACAO\intellicare-geralda\geralda\api\app.py","GET","/api/v1/plans/{plan_id}"
"intellicare-geralda","MODULARIZACAO\intellicare-geralda\src\geralda\api\app.py","GET","/api/v1/plans/{plan_id}"
"intellicare-geralda","MODULARIZACAO\intellicare-geralda\geralda\api\app.py","GET","/api/v1/plans/{plan_id}/tasks"
"intellicare-geralda","MODULARIZACAO\intellicare-geralda\src\geralda\api\app.py","GET","/api/v1/plans/{plan_id}/tasks"
"intellicare-geralda","MODULARIZACAO\intellicare-geralda\geralda\api\app.py","POST","/api/v1/plans/{plan_id}/tasks"
"intellicare-geralda","MODULARIZACAO\intellicare-geralda\src\geralda\api\app.py","POST","/api/v1/plans/{plan_id}/tasks"
"intellicare-geralda","MODULARIZACAO\intellicare-geralda\geralda\api\app.py","GET","/api/v1/reminders"
"intellicare-geralda","MODULARIZACAO\intellicare-geralda\src\geralda\api\app.py","GET","/api/v1/reminders"
"intellicare-geralda","MODULARIZACAO\intellicare-geralda\geralda\api\app.py","POST","/api/v1/reminders"
"intellicare-geralda","MODULARIZACAO\intellicare-geralda\src\geralda\api\app.py","POST","/api/v1/reminders"
"intellicare-geralda","MODULARIZACAO\intellicare-geralda\geralda\api\app.py","POST","/api/v1/reminders/{reminder_id}/cancel"
"intellicare-geralda","MODULARIZACAO\intellicare-geralda\geralda\api\app.py","POST","/api/v1/reminders/{reminder_id}/pause"
"intellicare-geralda","MODULARIZACAO\intellicare-geralda\geralda\api\app.py","POST","/api/v1/reminders/{reminder_id}/resume"
"intellicare-geralda","MODULARIZACAO\intellicare-geralda\geralda\api\app.py","GET","/api/v1/reminders/due"
"intellicare-geralda","MODULARIZACAO\intellicare-geralda\geralda\api\app.py","GET","/api/v1/reminders/schedule"
"intellicare-geralda","MODULARIZACAO\intellicare-geralda\geralda\api\app.py","POST","/api/v1/tasks/{task_id}/complete"
"intellicare-geralda","MODULARIZACAO\intellicare-geralda\src\geralda\api\app.py","POST","/api/v1/tasks/{task_id}/complete"
"intellicare-geralda","MODULARIZACAO\intellicare-geralda\geralda\api\app.py","POST","/api/v1/tasks/{task_id}/skip"
"intellicare-geralda","MODULARIZACAO\intellicare-geralda\src\geralda\api\app.py","POST","/api/v1/tasks/{task_id}/skip"
"intellicare-grahame","MODULARIZACAO\intellicare-grahame\run_api_lite.py","GET","/api/v1/health"
"intellicare-grahame","MODULARIZACAO\intellicare-grahame\run_api_lite.py","GET","/api/v1/Observation"
"intellicare-grahame","MODULARIZACAO\intellicare-grahame\run_api_lite.py","GET","/api/v1/Patient"
"intellicare-grahame","MODULARIZACAO\intellicare-grahame\run_api_lite.py","GET","/api/v1/Patient/{patient_id}"
"intellicare-nise","MODULARIZACAO\intellicare-nise\nise\api\app.py","GET","/api/v1/info"
"intellicare-nise","MODULARIZACAO\intellicare-nise\nise\api\endpoints\chatbot.py","POST","/chatbot/chat"
"intellicare-nise","MODULARIZACAO\intellicare-nise\nise\api\endpoints\chatbot.py","GET","/chatbot/chatflows"
"intellicare-nise","MODULARIZACAO\intellicare-nise\nise\api\endpoints\chatbot.py","GET","/chatbot/chatflows/{chatflow_id}"
"intellicare-nise","MODULARIZACAO\intellicare-nise\nise\api\endpoints\chatbot.py","GET","/chatbot/health"
"intellicare-nise","MODULARIZACAO\intellicare-nise\nise\api\endpoints\chatbot.py","POST","/chatbot/test"
"intellicare-nise","MODULARIZACAO\intellicare-nise\nise\api\endpoints\framingham.py","POST","/framingham/calcular"
"intellicare-nise","MODULARIZACAO\intellicare-nise\nise\api\endpoints\framingham.py","GET","/framingham/paciente/{paciente_id}"
"intellicare-nise","MODULARIZACAO\intellicare-nise\nise\api\app.py","GET","/health"
"intellicare-nise","MODULARIZACAO\intellicare-nise\nise\api\endpoints\oswaldo.py","GET","/oswaldo/paciente/{paciente_id}/alertas"
"intellicare-nise","MODULARIZACAO\intellicare-nise\nise\api\endpoints\oswaldo.py","GET","/oswaldo/paciente/{paciente_id}/diagnosticos"
"intellicare-nise","MODULARIZACAO\intellicare-nise\nise\api\endpoints\oswaldo.py","GET","/oswaldo/paciente/{paciente_id}/resumo"
"intellicare-nise","MODULARIZACAO\intellicare-nise\nise\api\endpoints\workflows.py","GET","/workflows/executions"
"intellicare-nise","MODULARIZACAO\intellicare-nise\nise\api\endpoints\workflows.py","GET","/workflows/executions/{execution_id}"
"intellicare-nise","MODULARIZACAO\intellicare-nise\nise\api\endpoints\workflows.py","GET","/workflows/health"
"intellicare-nise","MODULARIZACAO\intellicare-nise\nise\api\endpoints\workflows.py","POST","/workflows/trigger"
"intellicare-nise","MODULARIZACAO\intellicare-nise\nise\api\endpoints\workflows.py","GET","/workflows/workflows/{workflow_id}"
"intellicare-ocr","MODULARIZACAO\intellicare-ocr\ocr\api\app.py","GET","/api/v1/health"
"intellicare-ocr","MODULARIZACAO\intellicare-ocr\ocr\api\app.py","GET","/api/v1/info"
"intellicare-ocr","MODULARIZACAO\intellicare-ocr\ocr\api\app.py","POST","/api/v1/upload"
"intellicare-ocr","MODULARIZACAO\intellicare-ocr\ocr\api\app.py","GET","/mcp/tools"
"intellicare-ocr","MODULARIZACAO\intellicare-ocr\ocr\api\app.py","POST","/mcp/tools/{tool_name}"
"intellicare-oswaldo","MODULARIZACAO\intellicare-oswaldo\src\oswaldo\api\main.py","GET","/"
"intellicare-oswaldo","MODULARIZACAO\intellicare-oswaldo\src\oswaldo\api\main.py","GET","/api"
"intellicare-oswaldo","MODULARIZACAO\intellicare-oswaldo\oswaldo\api\app.py","GET","/api/v1/alerts/{patient_id}"
"intellicare-oswaldo","MODULARIZACAO\intellicare-oswaldo\oswaldo\api\app.py","POST","/api/v1/analyze"
"intellicare-oswaldo","MODULARIZACAO\intellicare-oswaldo\oswaldo\api\app.py","GET","/api/v1/diseases"
"intellicare-oswaldo","MODULARIZACAO\intellicare-oswaldo\oswaldo\api\app.py","GET","/api/v1/health"
"intellicare-oswaldo","MODULARIZACAO\intellicare-oswaldo\oswaldo\api\app.py","GET","/api/v1/info"
"intellicare-oswaldo","MODULARIZACAO\intellicare-oswaldo\oswaldo\api\app.py","GET","/api/v1/staging/{patient_id}"
"intellicare-oswaldo","MODULARIZACAO\intellicare-oswaldo\src\oswaldo\api\main.py","GET","/health"
"intellicare-oswaldo","MODULARIZACAO\intellicare-oswaldo\src\oswaldo\api\main.py","GET","/metrics"
"intellicare-superz","MODULARIZACAO\intellicare-superz\superz\api\app.py","GET","/api/v1/health"
"intellicare-superz","MODULARIZACAO\intellicare-superz\superz\api\app.py","GET","/api/v1/info"
"intellicare-superz","MODULARIZACAO\intellicare-superz\superz\api\app.py","POST","/api/v1/mcp/call"
"intellicare-superz","MODULARIZACAO\intellicare-superz\superz\api\app.py","GET","/api/v1/mcp/tools"
"intellicare-superz","MODULARIZACAO\intellicare-superz\superz\api\app.py","GET","/api/v1/rate-limit"
"intellicare-wanda","MODULARIZACAO\intellicare-wanda\wanda\api\aggregation_routes.py","POST","/api/v1/aggregate"
"intellicare-wanda","MODULARIZACAO\intellicare-wanda\wanda\api\alert_routes.py","PUT","/api/v1/alerts/{alert_id}/acknowledge"
"intellicare-wanda","MODULARIZACAO\intellicare-wanda\wanda\api\alert_routes.py","PUT","/api/v1/alerts/{alert_id}/resolve"
"intellicare-wanda","MODULARIZACAO\intellicare-wanda\wanda\api\alert_routes.py","GET","/api/v1/alerts/patient/{patient_id}"
"intellicare-wanda","MODULARIZACAO\intellicare-wanda\wanda\api\alert_routes.py","GET","/api/v1/alerts/queue"
"intellicare-wanda","MODULARIZACAO\intellicare-wanda\wanda\api\alert_routes.py","GET","/api/v1/alerts/stats"
"intellicare-wanda","MODULARIZACAO\intellicare-wanda\wanda\api\bot_routes.py","POST","/api/v1/bot/command"
"intellicare-wanda","MODULARIZACAO\intellicare-wanda\wanda\api\bot_routes.py","GET","/api/v1/bot/commands"
"intellicare-wanda","MODULARIZACAO\intellicare-wanda\wanda\api\bot_routes.py","GET","/api/v1/bot/log"
"intellicare-wanda","MODULARIZACAO\intellicare-wanda\wanda\api\bot_routes.py","GET","/api/v1/bot/metrics"
"intellicare-wanda","MODULARIZACAO\intellicare-wanda\wanda\api\bot_routes.py","GET","/api/v1/bot/status"
"intellicare-wanda","MODULARIZACAO\intellicare-wanda\wanda\api\app.py","GET","/api/v1/capabilities"
"intellicare-wanda","MODULARIZACAO\intellicare-wanda\wanda\api\app.py","POST","/api/v1/chat"
"intellicare-wanda","MODULARIZACAO\intellicare-wanda\wanda\api\nise_routes.py","GET","/api/v1/chat/nise/metrics"
"intellicare-wanda","MODULARIZACAO\intellicare-wanda\wanda\api\nise_routes.py","GET","/api/v1/chat/nise/status"
"intellicare-wanda","MODULARIZACAO\intellicare-wanda\wanda\api\nise_routes.py","POST","/api/v1/chat/patient"
"intellicare-wanda","MODULARIZACAO\intellicare-wanda\wanda\api\nise_routes.py","DELETE","/api/v1/chat/patient/session/{session_id}"
"intellicare-wanda","MODULARIZACAO\intellicare-wanda\wanda\api\nise_routes.py","GET","/api/v1/chat/patient/session/{session_id}"
"intellicare-wanda","MODULARIZACAO\intellicare-wanda\wanda\api\resilience_routes.py","POST","/api/v1/circuit/{agent_name}/reset"
"intellicare-wanda","MODULARIZACAO\intellicare-wanda\wanda\api\event_routes.py","GET","/api/v1/events/coordinations"
"intellicare-wanda","MODULARIZACAO\intellicare-wanda\wanda\api\event_routes.py","POST","/api/v1/events/simulate"
"intellicare-wanda","MODULARIZACAO\intellicare-wanda\wanda\api\event_routes.py","GET","/api/v1/events/stream"
"intellicare-wanda","MODULARIZACAO\intellicare-wanda\wanda\api\app.py","GET","/api/v1/health"
"intellicare-wanda","MODULARIZACAO\intellicare-wanda\wanda\api\resilience_routes.py","GET","/api/v1/health/agents/{agent_name}"
"intellicare-wanda","MODULARIZACAO\intellicare-wanda\wanda\api\resilience_routes.py","GET","/api/v1/health/ecosystem"
"intellicare-wanda","MODULARIZACAO\intellicare-wanda\wanda\api\app.py","GET","/api/v1/info"
"intellicare-wanda","MODULARIZACAO\intellicare-wanda\wanda\api\ips_routes.py","GET","/api/v1/ips/{patient_id}"
"intellicare-wanda","MODULARIZACAO\intellicare-wanda\wanda\api\ips_routes.py","DELETE","/api/v1/ips/{patient_id}/cache"
"intellicare-wanda","MODULARIZACAO\intellicare-wanda\wanda\api\ips_routes.py","GET","/api/v1/ips/{patient_id}/validate"
"intellicare-wanda","MODULARIZACAO\intellicare-wanda\wanda\api\ips_routes.py","GET","/api/v1/ips/stats"
"intellicare-wanda","MODULARIZACAO\intellicare-wanda\wanda\api\mcp_routes.py","GET","/api/v1/mcp/modules"
"intellicare-wanda","MODULARIZACAO\intellicare-wanda\wanda\api\mcp_routes.py","POST","/api/v1/mcp/modules/{module_name}/refresh"
"intellicare-wanda","MODULARIZACAO\intellicare-wanda\wanda\api\mcp_routes.py","GET","/api/v1/mcp/modules/{module_name}/tools"
"intellicare-wanda","MODULARIZACAO\intellicare-wanda\wanda\api\mcp_routes.py","GET","/api/v1/mcp/tools"
"intellicare-wanda","MODULARIZACAO\intellicare-wanda\wanda\api\mcp_routes.py","POST","/api/v1/mcp/tools/{module_name}/{tool_name}"
"intellicare-wanda","MODULARIZACAO\intellicare-wanda\wanda\api\metrics_routes.py","GET","/api/v1/metrics/summary"
"intellicare-wanda","MODULARIZACAO\intellicare-wanda\wanda\api\app.py","GET","/api/v1/modules"
"intellicare-wanda","MODULARIZACAO\intellicare-wanda\wanda\api\app.py","GET","/api/v1/modules/{module_name}"
"intellicare-wanda","MODULARIZACAO\intellicare-wanda\wanda\api\app.py","POST","/api/v1/modules/discover"
"intellicare-wanda","MODULARIZACAO\intellicare-wanda\wanda\api\registry_routes.py","GET","/api/v1/registry/{agent_name}"
"intellicare-wanda","MODULARIZACAO\intellicare-wanda\wanda\api\registry_routes.py","GET","/api/v1/registry/{agent_name}/capabilities-history"
"intellicare-wanda","MODULARIZACAO\intellicare-wanda\wanda\api\registry_routes.py","GET","/api/v1/registry/{agent_name}/history"
"intellicare-wanda","MODULARIZACAO\intellicare-wanda\wanda\api\registry_routes.py","GET","/api/v1/registry/routing-table"
"intellicare-wanda","MODULARIZACAO\intellicare-wanda\wanda\api\app.py","POST","/api/v1/route"
"intellicare-wanda","MODULARIZACAO\intellicare-wanda\wanda\api\routing_routes.py","POST","/api/v1/routing/explain"
"intellicare-wanda","MODULARIZACAO\intellicare-wanda\wanda\api\routing_routes.py","GET","/api/v1/routing/method"
"intellicare-wanda","MODULARIZACAO\intellicare-wanda\wanda\api\metrics_routes.py","GET","/api/v1/slos"
"intellicare-wanda","MODULARIZACAO\intellicare-wanda\wanda\api\metrics_routes.py","GET","/api/v1/slos/history"
"intellicare-wanda","MODULARIZACAO\intellicare-wanda\wanda\api\trace_routes.py","GET","/api/v1/traces/{trace_id}"
"intellicare-wanda","MODULARIZACAO\intellicare-wanda\wanda\api\trace_routes.py","GET","/api/v1/traces/{trace_id}/fhir"
"intellicare-wanda","MODULARIZACAO\intellicare-wanda\wanda\api\trace_routes.py","GET","/api/v1/traces/anomalies"
"intellicare-wanda","MODULARIZACAO\intellicare-wanda\wanda\api\trace_routes.py","GET","/api/v1/traces/patterns"
"intellicare-wanda","MODULARIZACAO\intellicare-wanda\wanda\api\workflow_routes.py","GET","/api/v1/workflows/available"
"intellicare-wanda","MODULARIZACAO\intellicare-wanda\wanda\api\workflow_routes.py","POST","/api/v1/workflows/execute"
"intellicare-wanda","MODULARIZACAO\intellicare-wanda\wanda\api\workflow_routes.py","GET","/api/v1/workflows/status/{execution_id}"
"intellicare-wanda","MODULARIZACAO\intellicare-wanda\fhir_specs_server.py","GET","/docs/{resource}"
"intellicare-wanda","MODULARIZACAO\intellicare-wanda\fhir_specs_server.py","GET","/examples/{resource}"
"intellicare-wanda","MODULARIZACAO\intellicare-wanda\wanda\api\metrics_routes.py","GET","/metrics"
"intellicare-wanda","MODULARIZACAO\intellicare-wanda\fhir_specs_server.py","GET","/schemas/{resource}"
"intellicare-zilda","MODULARIZACAO\intellicare-zilda\run_api_lite.py","GET","/api/v1/"
"intellicare-zilda","MODULARIZACAO\intellicare-zilda\zilda\api\app.py","GET","/api/v1/establishment/{cnes_code}"
"intellicare-zilda","MODULARIZACAO\intellicare-zilda\zilda\api\app.py","GET","/api/v1/establishments"
"intellicare-zilda","MODULARIZACAO\intellicare-zilda\zilda\api\app.py","GET","/api/v1/health"
"intellicare-zilda","MODULARIZACAO\intellicare-zilda\run_api_lite.py","GET","/api/v1/ibge/context/{city_code}"
"intellicare-zilda","MODULARIZACAO\intellicare-zilda\zilda\api\app.py","GET","/api/v1/info"
"intellicare-zilda","MODULARIZACAO\intellicare-zilda\zilda\api\app.py","GET","/api/v1/region-context/{city_code}"
"intellicare-zilda","MODULARIZACAO\intellicare-zilda\zilda\api\app.py","GET","/api/v1/regions"
"intellicare-zilda","MODULARIZACAO\intellicare-zilda\run_api_lite.py","GET","/api/v1/rnds/stats/{city_code}"
"intellicare-zilda","MODULARIZACAO\intellicare-zilda\zilda\api\app.py","GET","/api/v1/territorial-summary"
"intellicare-zilda","MODULARIZACAO\intellicare-zilda\zilda\api\app.py","GET","/api/v1/unit-types"
"intellicare-zilda","MODULARIZACAO\intellicare-zilda\zilda\api\app.py","POST","/api/v1/validate"
