"module","method","path","files"
"intellicare-comunicacao","POST","/api/v1/bot/start","MODULARIZACAO\intellicare-comunicacao\comunicacao\api\app.py"
"intellicare-comunicacao","GET","/api/v1/bot/status","MODULARIZACAO\intellicare-comunicacao\comunicacao\api\app.py"
"intellicare-comunicacao","POST","/api/v1/bot/stop","MODULARIZACAO\intellicare-comunicacao\comunicacao\api\app.py"
"intellicare-comunicacao","GET","/api/v1/case-room/{patient_id}","MODULARIZACAO\intellicare-comunicacao\comunicacao\api\case_room_routes.py"
"intellicare-comunicacao","POST","/api/v1/case-room/{patient_id}","MODULARIZACAO\intellicare-comunicacao\comunicacao\api\case_room_routes.py"
"intellicare-comunicacao","POST","/api/v1/case-room/{patient_id}/alert","MODULARIZACAO\intellicare-comunicacao\comunicacao\api\case_room_routes.py"
"intellicare-comunicacao","DELETE","/api/v1/case-room/{patient_id}/archive","MODULARIZACAO\intellicare-comunicacao\comunicacao\api\case_room_routes.py"
"intellicare-comunicacao","POST","/api/v1/case-room/{patient_id}/members","MODULARIZACAO\intellicare-comunicacao\comunicacao\api\case_room_routes.py"
"intellicare-comunicacao","POST","/api/v1/case-room/{patient_id}/summary","MODULARIZACAO\intellicare-comunicacao\comunicacao\api\case_room_routes.py"
"intellicare-comunicacao","GET","/api/v1/channels/{channel}/health","MODULARIZACAO\intellicare-comunicacao\comunicacao\api\channel_routes.py"
"intellicare-comunicacao","POST","/api/v1/channels/{channel}/test","MODULARIZACAO\intellicare-comunicacao\comunicacao\api\channel_routes.py"
"intellicare-comunicacao","POST","/api/v1/email/send","MODULARIZACAO\intellicare-comunicacao\comunicacao\api\email_routes.py"
"intellicare-comunicacao","GET","/api/v1/email/templates","MODULARIZACAO\intellicare-comunicacao\comunicacao\api\email_routes.py"
"intellicare-comunicacao","POST","/api/v1/email/templates/preview","MODULARIZACAO\intellicare-comunicacao\comunicacao\api\email_routes.py"
"intellicare-comunicacao","POST","/api/v1/events/clinical-alert","MODULARIZACAO\intellicare-comunicacao\comunicacao\api\app.py"
"intellicare-comunicacao","POST","/api/v1/events/consumer/start","MODULARIZACAO\intellicare-comunicacao\comunicacao\api\app.py"
"intellicare-comunicacao","GET","/api/v1/events/consumer/status","MODULARIZACAO\intellicare-comunicacao\comunicacao\api\app.py"
"intellicare-comunicacao","POST","/api/v1/events/consumer/stop","MODULARIZACAO\intellicare-comunicacao\comunicacao\api\app.py"
"intellicare-comunicacao","GET","/api/v1/events/metrics","MODULARIZACAO\intellicare-comunicacao\comunicacao\api\app.py"
"intellicare-comunicacao","POST","/api/v1/events/metrics/reset","MODULARIZACAO\intellicare-comunicacao\comunicacao\api\app.py"
"intellicare-comunicacao","GET","/api/v1/health","MODULARIZACAO\intellicare-comunicacao\comunicacao\api\app.py; MODULARIZACAO\intellicare-comunicacao\src\comunicacao\api\main.py"
"intellicare-comunicacao","GET","/api/v1/health/channels","MODULARIZACAO\intellicare-comunicacao\comunicacao\api\health_routes.py"
"intellicare-comunicacao","GET","/api/v1/health/channels/{channel}","MODULARIZACAO\intellicare-comunicacao\comunicacao\api\health_routes.py"
"intellicare-comunicacao","GET","/api/v1/health/db","MODULARIZACAO\intellicare-comunicacao\comunicacao\api\health_routes.py"
"intellicare-comunicacao","GET","/api/v1/health/liveness","MODULARIZACAO\intellicare-comunicacao\comunicacao\api\health_routes.py"
"intellicare-comunicacao","GET","/api/v1/health/readiness","MODULARIZACAO\intellicare-comunicacao\comunicacao\api\health_routes.py"
"intellicare-comunicacao","GET","/api/v1/health/redis","MODULARIZACAO\intellicare-comunicacao\comunicacao\api\health_routes.py"
"intellicare-comunicacao","GET","/api/v1/info","MODULARIZACAO\intellicare-comunicacao\comunicacao\api\app.py"
"intellicare-comunicacao","GET","/api/v1/intents","MODULARIZACAO\intellicare-comunicacao\src\comunicacao\api\endpoints.py"
"intellicare-comunicacao","DELETE","/api/v1/jitsi/participants/{participant_id}","MODULARIZACAO\intellicare-comunicacao\comunicacao\api\jitsi_routes.py"
"intellicare-comunicacao","GET","/api/v1/jitsi/rooms","MODULARIZACAO\intellicare-comunicacao\comunicacao\api\jitsi_routes.py"
"intellicare-comunicacao","POST","/api/v1/jitsi/rooms","MODULARIZACAO\intellicare-comunicacao\comunicacao\api\jitsi_routes.py"
"intellicare-comunicacao","GET","/api/v1/jitsi/rooms/{room_id}","MODULARIZACAO\intellicare-comunicacao\comunicacao\api\jitsi_routes.py"
"intellicare-comunicacao","POST","/api/v1/jitsi/rooms/{room_id}/cancel","MODULARIZACAO\intellicare-comunicacao\comunicacao\api\jitsi_routes.py"
"intellicare-comunicacao","POST","/api/v1/jitsi/rooms/{room_id}/end","MODULARIZACAO\intellicare-comunicacao\comunicacao\api\jitsi_routes.py"
"intellicare-comunicacao","POST","/api/v1/jitsi/rooms/{room_id}/participants","MODULARIZACAO\intellicare-comunicacao\comunicacao\api\jitsi_routes.py"
"intellicare-comunicacao","POST","/api/v1/jitsi/rooms/{room_id}/start","MODULARIZACAO\intellicare-comunicacao\comunicacao\api\jitsi_routes.py"
"intellicare-comunicacao","POST","/api/v1/jitsi/webhook","MODULARIZACAO\intellicare-comunicacao\comunicacao\api\jitsi_routes.py"
"intellicare-comunicacao","POST","/api/v1/lgpd/anonymize/{patient_id}","MODULARIZACAO\intellicare-comunicacao\comunicacao\api\lgpd_routes.py"
"intellicare-comunicacao","GET","/api/v1/lgpd/audit","MODULARIZACAO\intellicare-comunicacao\comunicacao\api\lgpd_routes.py"
"intellicare-comunicacao","GET","/api/v1/lgpd/audit/{intent_id}","MODULARIZACAO\intellicare-comunicacao\comunicacao\api\lgpd_routes.py"
"intellicare-comunicacao","GET","/api/v1/lgpd/audit/patient/{patient_id}","MODULARIZACAO\intellicare-comunicacao\comunicacao\api\lgpd_routes.py"
"intellicare-comunicacao","GET","/api/v1/lgpd/compliance-report","MODULARIZACAO\intellicare-comunicacao\comunicacao\api\lgpd_routes.py"
"intellicare-comunicacao","DELETE","/api/v1/lgpd/consent/{patient_id}","MODULARIZACAO\intellicare-comunicacao\comunicacao\api\lgpd_routes.py"
"intellicare-comunicacao","POST","/api/v1/lgpd/consent/{patient_id}","MODULARIZACAO\intellicare-comunicacao\comunicacao\api\lgpd_routes.py"
"intellicare-comunicacao","GET","/api/v1/lgpd/consent/{patient_id}/history","MODULARIZACAO\intellicare-comunicacao\comunicacao\api\lgpd_routes.py"
"intellicare-comunicacao","GET","/api/v1/lgpd/export/{patient_id}","MODULARIZACAO\intellicare-comunicacao\comunicacao\api\lgpd_routes.py"
"intellicare-comunicacao","GET","/api/v1/lgpd/preferences/{patient_id}","MODULARIZACAO\intellicare-comunicacao\comunicacao\api\lgpd_routes.py"
"intellicare-comunicacao","PUT","/api/v1/lgpd/preferences/{patient_id}","MODULARIZACAO\intellicare-comunicacao\comunicacao\api\lgpd_routes.py"
"intellicare-comunicacao","POST","/api/v1/lgpd/preferences/{patient_id}/opt-in/{channel}","MODULARIZACAO\intellicare-comunicacao\comunicacao\api\lgpd_routes.py"
"intellicare-comunicacao","POST","/api/v1/lgpd/preferences/{patient_id}/opt-out/{channel}","MODULARIZACAO\intellicare-comunicacao\comunicacao\api\lgpd_routes.py"
"intellicare-comunicacao","PUT","/api/v1/lgpd/preferences/{patient_id}/quiet-hours","MODULARIZACAO\intellicare-comunicacao\comunicacao\api\lgpd_routes.py"
"intellicare-comunicacao","GET","/api/v1/lgpd/verify-chain","MODULARIZACAO\intellicare-comunicacao\comunicacao\api\lgpd_routes.py"
"intellicare-comunicacao","GET","/api/v1/links/patient-room","MODULARIZACAO\intellicare-comunicacao\comunicacao\api\app.py"
"intellicare-comunicacao","POST","/api/v1/links/patient-room","MODULARIZACAO\intellicare-comunicacao\comunicacao\api\app.py"
"intellicare-comunicacao","DELETE","/api/v1/links/patient-room/{patient_id}","MODULARIZACAO\intellicare-comunicacao\comunicacao\api\app.py"
"intellicare-comunicacao","GET","/api/v1/links/patient-room/{patient_id}","MODULARIZACAO\intellicare-comunicacao\comunicacao\api\app.py"
"intellicare-comunicacao","POST","/api/v1/messages/send","MODULARIZACAO\intellicare-comunicacao\comunicacao\api\app.py"
"intellicare-comunicacao","POST","/api/v1/push/subscribe","MODULARIZACAO\intellicare-comunicacao\comunicacao\api\push_routes.py"
"intellicare-comunicacao","DELETE","/api/v1/push/subscribe/{subscription_id}","MODULARIZACAO\intellicare-comunicacao\comunicacao\api\push_routes.py"
"intellicare-comunicacao","GET","/api/v1/push/subscriptions","MODULARIZACAO\intellicare-comunicacao\comunicacao\api\push_routes.py"
"intellicare-comunicacao","POST","/api/v1/push/test","MODULARIZACAO\intellicare-comunicacao\comunicacao\api\push_routes.py"
"intellicare-comunicacao","GET","/api/v1/push/vapid-key","MODULARIZACAO\intellicare-comunicacao\comunicacao\api\push_routes.py"
"intellicare-comunicacao","POST","/api/v1/rooms","MODULARIZACAO\intellicare-comunicacao\comunicacao\api\app.py"
"intellicare-comunicacao","POST","/api/v1/rooms/{room_id}/invite","MODULARIZACAO\intellicare-comunicacao\comunicacao\api\app.py"
"intellicare-comunicacao","GET","/api/v1/routing/intents","MODULARIZACAO\intellicare-comunicacao\comunicacao\api\routing_routes.py"
"intellicare-comunicacao","GET","/api/v1/routing/intents/{intent_id}","MODULARIZACAO\intellicare-comunicacao\comunicacao\api\routing_routes.py"
"intellicare-comunicacao","PUT","/api/v1/routing/intents/{intent_id}/cancel","MODULARIZACAO\intellicare-comunicacao\comunicacao\api\routing_routes.py"
"intellicare-comunicacao","GET","/api/v1/routing/metrics","MODULARIZACAO\intellicare-comunicacao\comunicacao\api\routing_routes.py"
"intellicare-comunicacao","GET","/api/v1/routing/rules","MODULARIZACAO\intellicare-comunicacao\comunicacao\api\routing_routes.py"
"intellicare-comunicacao","PUT","/api/v1/routing/rules/{rule_id}","MODULARIZACAO\intellicare-comunicacao\comunicacao\api\routing_routes.py"
"intellicare-comunicacao","POST","/api/v1/routing/scheduler/process-due","MODULARIZACAO\intellicare-comunicacao\comunicacao\api\routing_routes.py"
"intellicare-comunicacao","POST","/api/v1/routing/scheduler/start","MODULARIZACAO\intellicare-comunicacao\comunicacao\api\routing_routes.py"
"intellicare-comunicacao","GET","/api/v1/routing/scheduler/status","MODULARIZACAO\intellicare-comunicacao\comunicacao\api\routing_routes.py"
"intellicare-comunicacao","POST","/api/v1/routing/scheduler/stop","MODULARIZACAO\intellicare-comunicacao\comunicacao\api\routing_routes.py"
"intellicare-comunicacao","POST","/api/v1/routing/send","MODULARIZACAO\intellicare-comunicacao\comunicacao\api\routing_routes.py"
"intellicare-comunicacao","POST","/api/v1/routing/send-batch","MODULARIZACAO\intellicare-comunicacao\comunicacao\api\routing_routes.py"
"intellicare-comunicacao","POST","/api/v1/send","MODULARIZACAO\intellicare-comunicacao\src\comunicacao\api\endpoints.py"
"intellicare-comunicacao","GET","/api/v1/sms/providers","MODULARIZACAO\intellicare-comunicacao\comunicacao\api\sms_routes.py"
"intellicare-comunicacao","POST","/api/v1/sms/send","MODULARIZACAO\intellicare-comunicacao\comunicacao\api\sms_routes.py"
"intellicare-comunicacao","GET","/api/v1/status/{message_id}","MODULARIZACAO\intellicare-comunicacao\src\comunicacao\api\endpoints.py"
"intellicare-comunicacao","DELETE","/api/v1/templates/{template_id}","MODULARIZACAO\intellicare-comunicacao\comunicacao\api\template_routes.py"
"intellicare-comunicacao","GET","/api/v1/templates/{template_id}","MODULARIZACAO\intellicare-comunicacao\comunicacao\api\template_routes.py"
"intellicare-comunicacao","PUT","/api/v1/templates/{template_id}","MODULARIZACAO\intellicare-comunicacao\comunicacao\api\template_routes.py"
"intellicare-comunicacao","POST","/api/v1/templates/{template_id}/preview","MODULARIZACAO\intellicare-comunicacao\comunicacao\api\template_routes.py"
"intellicare-comunicacao","POST","/api/v1/templates/{template_id}/validate","MODULARIZACAO\intellicare-comunicacao\comunicacao\api\template_routes.py"
"intellicare-comunicacao","GET","/api/v1/webhooks/whatsapp","MODULARIZACAO\intellicare-comunicacao\comunicacao\api\webhook_routes.py"
"intellicare-comunicacao","POST","/api/v1/webhooks/whatsapp","MODULARIZACAO\intellicare-comunicacao\comunicacao\api\webhook_routes.py"
"intellicare-comunicacao","POST","/api/v1/whatsapp/send","MODULARIZACAO\intellicare-comunicacao\comunicacao\api\whatsapp_routes.py"
"intellicare-comunicacao","GET","/api/v1/whatsapp/templates","MODULARIZACAO\intellicare-comunicacao\comunicacao\api\whatsapp_routes.py"
"intellicare-comunicacao","GET","/api/v1/whatsapp/templates/{template_name}","MODULARIZACAO\intellicare-comunicacao\comunicacao\api\whatsapp_routes.py"
"intellicare-comunicacao","GET","/metrics","MODULARIZACAO\intellicare-comunicacao\comunicacao\api\app.py"
"intellicare-conhecimento","GET","/api/v1/health","MODULARIZACAO\intellicare-conhecimento\conhecimento\api\app.py"
"intellicare-conhecimento","GET","/api/v1/info","MODULARIZACAO\intellicare-conhecimento\conhecimento\api\app.py"
"intellicare-conhecimento","GET","/api/v1/protocolos/{protocol_id}","MODULARIZACAO\intellicare-conhecimento\conhecimento\api\protocolos.py"
"intellicare-conhecimento","PUT","/api/v1/protocolos/{protocol_id}","MODULARIZACAO\intellicare-conhecimento\conhecimento\api\protocolos.py"
"intellicare-conhecimento","GET","/api/v1/protocolos/{protocol_id}/history","MODULARIZACAO\intellicare-conhecimento\conhecimento\api\protocolos.py"
"intellicare-conhecimento","POST","/api/v1/protocolos/{protocol_id}/transition","MODULARIZACAO\intellicare-conhecimento\conhecimento\api\protocolos.py"
"intellicare-conhecimento","POST","/api/v1/protocolos/search","MODULARIZACAO\intellicare-conhecimento\conhecimento\api\protocolos.py"
"intellicare-conhecimento","POST","/api/v1/rag/query","MODULARIZACAO\intellicare-conhecimento\conhecimento\api\rag.py"
"intellicare-conhecimento","POST","/api/v1/rag/reindex","MODULARIZACAO\intellicare-conhecimento\conhecimento\api\rag.py"
"intellicare-conhecimento","GET","/api/v1/templates/careplan/{condition}","MODULARIZACAO\intellicare-conhecimento\conhecimento\api\templates.py"
"intellicare-conhecimento","POST","/api/v1/templates/careplan/generate","MODULARIZACAO\intellicare-conhecimento\conhecimento\api\templates.py"
"intellicare-conhecimento","GET","/api/v1/terminologias/{system}/{code}","MODULARIZACAO\intellicare-conhecimento\conhecimento\api\terminologias.py"
"intellicare-conhecimento","GET","/api/v1/terminologias/mapeamentos","MODULARIZACAO\intellicare-conhecimento\conhecimento\api\terminologias.py"
"intellicare-conhecimento","POST","/api/v1/terminologias/search","MODULARIZACAO\intellicare-conhecimento\conhecimento\api\terminologias.py"
"intellicare-donabedian","POST","/assess","MODULARIZACAO\intellicare-donabedian\src\donabedian\api\routes\assessment.py"
"intellicare-donabedian","GET","/assess/pillar/{pillar_id}","MODULARIZACAO\intellicare-donabedian\src\donabedian\api\routes\assessment.py"
"intellicare-donabedian","GET","/assess/triad/{dimension}","MODULARIZACAO\intellicare-donabedian\src\donabedian\api\routes\assessment.py"
"intellicare-donabedian","GET","/dashboard","MODULARIZACAO\intellicare-donabedian\src\donabedian\api\routes\dashboard.py"
"intellicare-donabedian","GET","/dashboard/indicators","MODULARIZACAO\intellicare-donabedian\src\donabedian\api\routes\dashboard.py"
"intellicare-donabedian","GET","/dashboard/pillars","MODULARIZACAO\intellicare-donabedian\src\donabedian\api\routes\dashboard.py"
"intellicare-donabedian","GET","/health","MODULARIZACAO\intellicare-donabedian\src\donabedian\api\routes\health.py"
"intellicare-donabedian","GET","/indicator-pillars","MODULARIZACAO\intellicare-donabedian\src\donabedian\api\routes\indicator_pillars.py"
"intellicare-donabedian","POST","/indicator-pillars","MODULARIZACAO\intellicare-donabedian\src\donabedian\api\routes\indicator_pillars.py"
"intellicare-donabedian","DELETE","/indicator-pillars/{association_id}","MODULARIZACAO\intellicare-donabedian\src\donabedian\api\routes\indicator_pillars.py"
"intellicare-donabedian","GET","/indicator-pillars/{association_id}","MODULARIZACAO\intellicare-donabedian\src\donabedian\api\routes\indicator_pillars.py"
"intellicare-donabedian","PUT","/indicator-pillars/{association_id}","MODULARIZACAO\intellicare-donabedian\src\donabedian\api\routes\indicator_pillars.py"
"intellicare-donabedian","GET","/indicators","MODULARIZACAO\intellicare-donabedian\src\donabedian\api\routes\indicators.py"
"intellicare-donabedian","POST","/indicators","MODULARIZACAO\intellicare-donabedian\src\donabedian\api\routes\indicators.py"
"intellicare-donabedian","DELETE","/indicators/{indicator_id}","MODULARIZACAO\intellicare-donabedian\src\donabedian\api\routes\indicators.py"
"intellicare-donabedian","GET","/indicators/{indicator_id}","MODULARIZACAO\intellicare-donabedian\src\donabedian\api\routes\indicators.py"
"intellicare-donabedian","PUT","/indicators/{indicator_id}","MODULARIZACAO\intellicare-donabedian\src\donabedian\api\routes\indicators.py"
"intellicare-donabedian","GET","/info","MODULARIZACAO\intellicare-donabedian\src\donabedian\api\routes\health.py"
"intellicare-donabedian","GET","/items","MODULARIZACAO\intellicare-donabedian\src\donabedian\api\dependencies.py"
"intellicare-donabedian","GET","/measurements","MODULARIZACAO\intellicare-donabedian\src\donabedian\api\routes\measurements.py"
"intellicare-donabedian","POST","/measurements","MODULARIZACAO\intellicare-donabedian\src\donabedian\api\routes\measurements.py"
"intellicare-donabedian","DELETE","/measurements/{measurement_id}","MODULARIZACAO\intellicare-donabedian\src\donabedian\api\routes\measurements.py"
"intellicare-donabedian","GET","/measurements/{measurement_id}","MODULARIZACAO\intellicare-donabedian\src\donabedian\api\routes\measurements.py"
"intellicare-donabedian","PUT","/measurements/{measurement_id}","MODULARIZACAO\intellicare-donabedian\src\donabedian\api\routes\measurements.py"
"intellicare-donabedian","GET","/pillars","MODULARIZACAO\intellicare-donabedian\src\donabedian\api\routes\pillars.py"
"intellicare-donabedian","POST","/pillars","MODULARIZACAO\intellicare-donabedian\src\donabedian\api\routes\pillars.py"
"intellicare-donabedian","DELETE","/pillars/{pillar_id}","MODULARIZACAO\intellicare-donabedian\src\donabedian\api\routes\pillars.py"
"intellicare-donabedian","GET","/pillars/{pillar_id}","MODULARIZACAO\intellicare-donabedian\src\donabedian\api\routes\pillars.py"
"intellicare-donabedian","PUT","/pillars/{pillar_id}","MODULARIZACAO\intellicare-donabedian\src\donabedian\api\routes\pillars.py"
"intellicare-donabedian","GET","/trends/{indicator_id}","MODULARIZACAO\intellicare-donabedian\src\donabedian\api\routes\trends.py"
"intellicare-donabedian","GET","/trends/pillar/{pillar_id}","MODULARIZACAO\intellicare-donabedian\src\donabedian\api\routes\trends.py"
"intellicare-florence","GET","/","MODULARIZACAO\intellicare-florence\src\florence\api\main.py"
"intellicare-florence","GET","/api","MODULARIZACAO\intellicare-florence\src\florence\api\main.py"
"intellicare-florence","POST","/api/v1/analyze","MODULARIZACAO\intellicare-florence\florence\api\app.py"
"intellicare-florence","POST","/api/v1/analyze-with-rag","MODULARIZACAO\intellicare-florence\florence\api\app.py"
"intellicare-florence","GET","/api/v1/health","MODULARIZACAO\intellicare-florence\florence\api\app.py"
"intellicare-florence","GET","/api/v1/info","MODULARIZACAO\intellicare-florence\florence\api\app.py"
"intellicare-florence","POST","/api/v1/interpret","MODULARIZACAO\intellicare-florence\florence\api\app.py"
"intellicare-florence","GET","/api/v1/labs","MODULARIZACAO\intellicare-florence\florence\api\app.py"
"intellicare-florence","GET","/api/v1/panels","MODULARIZACAO\intellicare-florence\florence\api\app.py"
"intellicare-florence","GET","/api/v1/rag/protocols","MODULARIZACAO\intellicare-florence\florence\api\app.py"
"intellicare-florence","POST","/api/v1/rag/query","MODULARIZACAO\intellicare-florence\florence\api\app.py"
"intellicare-florence","GET","/health","MODULARIZACAO\intellicare-florence\src\florence\api\main.py"
"intellicare-geralda","GET","/api/v1/adherence/{plan_id}","MODULARIZACAO\intellicare-geralda\geralda\api\app.py; MODULARIZACAO\intellicare-geralda\src\geralda\api\app.py"
"intellicare-geralda","GET","/api/v1/education/{condition_code}","MODULARIZACAO\intellicare-geralda\geralda\api\app.py"
"intellicare-geralda","GET","/api/v1/education/conditions","MODULARIZACAO\intellicare-geralda\geralda\api\app.py"
"intellicare-geralda","GET","/api/v1/education/material/{material_id}","MODULARIZACAO\intellicare-geralda\geralda\api\app.py"
"intellicare-geralda","GET","/api/v1/education/search","MODULARIZACAO\intellicare-geralda\geralda\api\app.py"
"intellicare-geralda","GET","/api/v1/health","MODULARIZACAO\intellicare-geralda\geralda\api\app.py; MODULARIZACAO\intellicare-geralda\src\geralda\api\app.py"
"intellicare-geralda","GET","/api/v1/info","MODULARIZACAO\intellicare-geralda\geralda\api\app.py; MODULARIZACAO\intellicare-geralda\src\geralda\api\app.py"
"intellicare-geralda","GET","/api/v1/plans","MODULARIZACAO\intellicare-geralda\geralda\api\app.py; MODULARIZACAO\intellicare-geralda\src\geralda\api\app.py"
"intellicare-geralda","POST","/api/v1/plans","MODULARIZACAO\intellicare-geralda\geralda\api\app.py; MODULARIZACAO\intellicare-geralda\src\geralda\api\app.py"
"intellicare-geralda","GET","/api/v1/plans/{plan_id}","MODULARIZACAO\intellicare-geralda\geralda\api\app.py; MODULARIZACAO\intellicare-geralda\src\geralda\api\app.py"
"intellicare-geralda","GET","/api/v1/plans/{plan_id}/tasks","MODULARIZACAO\intellicare-geralda\geralda\api\app.py; MODULARIZACAO\intellicare-geralda\src\geralda\api\app.py"
"intellicare-geralda","POST","/api/v1/plans/{plan_id}/tasks","MODULARIZACAO\intellicare-geralda\geralda\api\app.py; MODULARIZACAO\intellicare-geralda\src\geralda\api\app.py"
"intellicare-geralda","GET","/api/v1/reminders","MODULARIZACAO\intellicare-geralda\geralda\api\app.py; MODULARIZACAO\intellicare-geralda\src\geralda\api\app.py"
"intellicare-geralda","POST","/api/v1/reminders","MODULARIZACAO\intellicare-geralda\geralda\api\app.py; MODULARIZACAO\intellicare-geralda\src\geralda\api\app.py"
"intellicare-geralda","POST","/api/v1/reminders/{reminder_id}/cancel","MODULARIZACAO\intellicare-geralda\geralda\api\app.py"
"intellicare-geralda","POST","/api/v1/reminders/{reminder_id}/pause","MODULARIZACAO\intellicare-geralda\geralda\api\app.py"
"intellicare-geralda","POST","/api/v1/reminders/{reminder_id}/resume","MODULARIZACAO\intellicare-geralda\geralda\api\app.py"
"intellicare-geralda","GET","/api/v1/reminders/due","MODULARIZACAO\intellicare-geralda\geralda\api\app.py"
"intellicare-geralda","GET","/api/v1/reminders/schedule","MODULARIZACAO\intellicare-geralda\geralda\api\app.py"
"intellicare-geralda","POST","/api/v1/tasks/{task_id}/complete","MODULARIZACAO\intellicare-geralda\geralda\api\app.py; MODULARIZACAO\intellicare-geralda\src\geralda\api\app.py"
"intellicare-geralda","POST","/api/v1/tasks/{task_id}/skip","MODULARIZACAO\intellicare-geralda\geralda\api\app.py; MODULARIZACAO\intellicare-geralda\src\geralda\api\app.py"
"intellicare-grahame","GET","/api/v1/health","MODULARIZACAO\intellicare-grahame\run_api_lite.py"
"intellicare-grahame","GET","/api/v1/Observation","MODULARIZACAO\intellicare-grahame\run_api_lite.py"
"intellicare-grahame","GET","/api/v1/Patient","MODULARIZACAO\intellicare-grahame\run_api_lite.py"
"intellicare-grahame","GET","/api/v1/Patient/{patient_id}","MODULARIZACAO\intellicare-grahame\run_api_lite.py"
"intellicare-nise","GET","/api/v1/info","MODULARIZACAO\intellicare-nise\nise\api\app.py"
"intellicare-nise","POST","/chatbot/chat","MODULARIZACAO\intellicare-nise\nise\api\endpoints\chatbot.py"
"intellicare-nise","GET","/chatbot/chatflows","MODULARIZACAO\intellicare-nise\nise\api\endpoints\chatbot.py"
"intellicare-nise","GET","/chatbot/chatflows/{chatflow_id}","MODULARIZACAO\intellicare-nise\nise\api\endpoints\chatbot.py"
"intellicare-nise","GET","/chatbot/health","MODULARIZACAO\intellicare-nise\nise\api\endpoints\chatbot.py"
"intellicare-nise","POST","/chatbot/test","MODULARIZACAO\intellicare-nise\nise\api\endpoints\chatbot.py"
"intellicare-nise","POST","/framingham/calcular","MODULARIZACAO\intellicare-nise\nise\api\endpoints\framingham.py"
"intellicare-nise","GET","/framingham/paciente/{paciente_id}","MODULARIZACAO\intellicare-nise\nise\api\endpoints\framingham.py"
"intellicare-nise","GET","/health","MODULARIZACAO\intellicare-nise\nise\api\app.py"
"intellicare-nise","GET","/oswaldo/paciente/{paciente_id}/alertas","MODULARIZACAO\intellicare-nise\nise\api\endpoints\oswaldo.py"
"intellicare-nise","GET","/oswaldo/paciente/{paciente_id}/diagnosticos","MODULARIZACAO\intellicare-nise\nise\api\endpoints\oswaldo.py"
"intellicare-nise","GET","/oswaldo/paciente/{paciente_id}/resumo","MODULARIZACAO\intellicare-nise\nise\api\endpoints\oswaldo.py"
"intellicare-nise","GET","/workflows/executions","MODULARIZACAO\intellicare-nise\nise\api\endpoints\workflows.py"
"intellicare-nise","GET","/workflows/executions/{execution_id}","MODULARIZACAO\intellicare-nise\nise\api\endpoints\workflows.py"
"intellicare-nise","GET","/workflows/health","MODULARIZACAO\intellicare-nise\nise\api\endpoints\workflows.py"
"intellicare-nise","POST","/workflows/trigger","MODULARIZACAO\intellicare-nise\nise\api\endpoints\workflows.py"
"intellicare-nise","GET","/workflows/workflows/{workflow_id}","MODULARIZACAO\intellicare-nise\nise\api\endpoints\workflows.py"
"intellicare-ocr","GET","/api/v1/health","MODULARIZACAO\intellicare-ocr\ocr\api\app.py"
"intellicare-ocr","GET","/api/v1/info","MODULARIZACAO\intellicare-ocr\ocr\api\app.py"
"intellicare-ocr","POST","/api/v1/upload","MODULARIZACAO\intellicare-ocr\ocr\api\app.py"
"intellicare-ocr","GET","/mcp/tools","MODULARIZACAO\intellicare-ocr\ocr\api\app.py"
"intellicare-ocr","POST","/mcp/tools/{tool_name}","MODULARIZACAO\intellicare-ocr\ocr\api\app.py"
"intellicare-oswaldo","GET","/","MODULARIZACAO\intellicare-oswaldo\src\oswaldo\api\main.py"
"intellicare-oswaldo","GET","/api","MODULARIZACAO\intellicare-oswaldo\src\oswaldo\api\main.py"
"intellicare-oswaldo","GET","/api/v1/alerts/{patient_id}","MODULARIZACAO\intellicare-oswaldo\oswaldo\api\app.py"
"intellicare-oswaldo","POST","/api/v1/analyze","MODULARIZACAO\intellicare-oswaldo\oswaldo\api\app.py"
"intellicare-oswaldo","GET","/api/v1/diseases","MODULARIZACAO\intellicare-oswaldo\oswaldo\api\app.py"
"intellicare-oswaldo","GET","/api/v1/health","MODULARIZACAO\intellicare-oswaldo\oswaldo\api\app.py"
"intellicare-oswaldo","GET","/api/v1/info","MODULARIZACAO\intellicare-oswaldo\oswaldo\api\app.py"
"intellicare-oswaldo","GET","/api/v1/staging/{patient_id}","MODULARIZACAO\intellicare-oswaldo\oswaldo\api\app.py"
"intellicare-oswaldo","GET","/health","MODULARIZACAO\intellicare-oswaldo\src\oswaldo\api\main.py"
"intellicare-oswaldo","GET","/metrics","MODULARIZACAO\intellicare-oswaldo\src\oswaldo\api\main.py"
"intellicare-superz","GET","/api/v1/health","MODULARIZACAO\intellicare-superz\superz\api\app.py"
"intellicare-superz","GET","/api/v1/info","MODULARIZACAO\intellicare-superz\superz\api\app.py"
"intellicare-superz","POST","/api/v1/mcp/call","MODULARIZACAO\intellicare-superz\superz\api\app.py"
"intellicare-superz","GET","/api/v1/mcp/tools","MODULARIZACAO\intellicare-superz\superz\api\app.py"
"intellicare-superz","GET","/api/v1/rate-limit","MODULARIZACAO\intellicare-superz\superz\api\app.py"
"intellicare-wanda","POST","/api/v1/aggregate","MODULARIZACAO\intellicare-wanda\wanda\api\aggregation_routes.py"
"intellicare-wanda","PUT","/api/v1/alerts/{alert_id}/acknowledge","MODULARIZACAO\intellicare-wanda\wanda\api\alert_routes.py"
"intellicare-wanda","PUT","/api/v1/alerts/{alert_id}/resolve","MODULARIZACAO\intellicare-wanda\wanda\api\alert_routes.py"
"intellicare-wanda","GET","/api/v1/alerts/patient/{patient_id}","MODULARIZACAO\intellicare-wanda\wanda\api\alert_routes.py"
"intellicare-wanda","GET","/api/v1/alerts/queue","MODULARIZACAO\intellicare-wanda\wanda\api\alert_routes.py"
"intellicare-wanda","GET","/api/v1/alerts/stats","MODULARIZACAO\intellicare-wanda\wanda\api\alert_routes.py"
"intellicare-wanda","POST","/api/v1/bot/command","MODULARIZACAO\intellicare-wanda\wanda\api\bot_routes.py"
"intellicare-wanda","GET","/api/v1/bot/commands","MODULARIZACAO\intellicare-wanda\wanda\api\bot_routes.py"
"intellicare-wanda","GET","/api/v1/bot/log","MODULARIZACAO\intellicare-wanda\wanda\api\bot_routes.py"
"intellicare-wanda","GET","/api/v1/bot/metrics","MODULARIZACAO\intellicare-wanda\wanda\api\bot_routes.py"
"intellicare-wanda","GET","/api/v1/bot/status","MODULARIZACAO\intellicare-wanda\wanda\api\bot_routes.py"
"intellicare-wanda","GET","/api/v1/capabilities","MODULARIZACAO\intellicare-wanda\wanda\api\app.py"
"intellicare-wanda","POST","/api/v1/chat","MODULARIZACAO\intellicare-wanda\wanda\api\app.py"
"intellicare-wanda","GET","/api/v1/chat/nise/metrics","MODULARIZACAO\intellicare-wanda\wanda\api\nise_routes.py"
"intellicare-wanda","GET","/api/v1/chat/nise/status","MODULARIZACAO\intellicare-wanda\wanda\api\nise_routes.py"
"intellicare-wanda","POST","/api/v1/chat/patient","MODULARIZACAO\intellicare-wanda\wanda\api\nise_routes.py"
"intellicare-wanda","DELETE","/api/v1/chat/patient/session/{session_id}","MODULARIZACAO\intellicare-wanda\wanda\api\nise_routes.py"
"intellicare-wanda","GET","/api/v1/chat/patient/session/{session_id}","MODULARIZACAO\intellicare-wanda\wanda\api\nise_routes.py"
"intellicare-wanda","POST","/api/v1/circuit/{agent_name}/reset","MODULARIZACAO\intellicare-wanda\wanda\api\resilience_routes.py"
"intellicare-wanda","GET","/api/v1/events/coordinations","MODULARIZACAO\intellicare-wanda\wanda\api\event_routes.py"
"intellicare-wanda","POST","/api/v1/events/simulate","MODULARIZACAO\intellicare-wanda\wanda\api\event_routes.py"
"intellicare-wanda","GET","/api/v1/events/stream","MODULARIZACAO\intellicare-wanda\wanda\api\event_routes.py"
"intellicare-wanda","GET","/api/v1/health","MODULARIZACAO\intellicare-wanda\wanda\api\app.py"
"intellicare-wanda","GET","/api/v1/health/agents/{agent_name}","MODULARIZACAO\intellicare-wanda\wanda\api\resilience_routes.py"
"intellicare-wanda","GET","/api/v1/health/ecosystem","MODULARIZACAO\intellicare-wanda\wanda\api\resilience_routes.py"
"intellicare-wanda","GET","/api/v1/info","MODULARIZACAO\intellicare-wanda\wanda\api\app.py"
"intellicare-wanda","GET","/api/v1/ips/{patient_id}","MODULARIZACAO\intellicare-wanda\wanda\api\ips_routes.py"
"intellicare-wanda","DELETE","/api/v1/ips/{patient_id}/cache","MODULARIZACAO\intellicare-wanda\wanda\api\ips_routes.py"
"intellicare-wanda","GET","/api/v1/ips/{patient_id}/validate","MODULARIZACAO\intellicare-wanda\wanda\api\ips_routes.py"
"intellicare-wanda","GET","/api/v1/ips/stats","MODULARIZACAO\intellicare-wanda\wanda\api\ips_routes.py"
"intellicare-wanda","GET","/api/v1/mcp/modules","MODULARIZACAO\intellicare-wanda\wanda\api\mcp_routes.py"
"intellicare-wanda","POST","/api/v1/mcp/modules/{module_name}/refresh","MODULARIZACAO\intellicare-wanda\wanda\api\mcp_routes.py"
"intellicare-wanda","GET","/api/v1/mcp/modules/{module_name}/tools","MODULARIZACAO\intellicare-wanda\wanda\api\mcp_routes.py"
"intellicare-wanda","GET","/api/v1/mcp/tools","MODULARIZACAO\intellicare-wanda\wanda\api\mcp_routes.py"
"intellicare-wanda","POST","/api/v1/mcp/tools/{module_name}/{tool_name}","MODULARIZACAO\intellicare-wanda\wanda\api\mcp_routes.py"
"intellicare-wanda","GET","/api/v1/metrics/summary","MODULARIZACAO\intellicare-wanda\wanda\api\metrics_routes.py"
"intellicare-wanda","GET","/api/v1/modules","MODULARIZACAO\intellicare-wanda\wanda\api\app.py"
"intellicare-wanda","GET","/api/v1/modules/{module_name}","MODULARIZACAO\intellicare-wanda\wanda\api\app.py"
"intellicare-wanda","POST","/api/v1/modules/discover","MODULARIZACAO\intellicare-wanda\wanda\api\app.py"
"intellicare-wanda","GET","/api/v1/registry/{agent_name}","MODULARIZACAO\intellicare-wanda\wanda\api\registry_routes.py"
"intellicare-wanda","GET","/api/v1/registry/{agent_name}/capabilities-history","MODULARIZACAO\intellicare-wanda\wanda\api\registry_routes.py"
"intellicare-wanda","GET","/api/v1/registry/{agent_name}/history","MODULARIZACAO\intellicare-wanda\wanda\api\registry_routes.py"
"intellicare-wanda","GET","/api/v1/registry/routing-table","MODULARIZACAO\intellicare-wanda\wanda\api\registry_routes.py"
"intellicare-wanda","POST","/api/v1/route","MODULARIZACAO\intellicare-wanda\wanda\api\app.py"
"intellicare-wanda","POST","/api/v1/routing/explain","MODULARIZACAO\intellicare-wanda\wanda\api\routing_routes.py"
"intellicare-wanda","GET","/api/v1/routing/method","MODULARIZACAO\intellicare-wanda\wanda\api\routing_routes.py"
"intellicare-wanda","GET","/api/v1/slos","MODULARIZACAO\intellicare-wanda\wanda\api\metrics_routes.py"
"intellicare-wanda","GET","/api/v1/slos/history","MODULARIZACAO\intellicare-wanda\wanda\api\metrics_routes.py"
"intellicare-wanda","GET","/api/v1/traces/{trace_id}","MODULARIZACAO\intellicare-wanda\wanda\api\trace_routes.py"
"intellicare-wanda","GET","/api/v1/traces/{trace_id}/fhir","MODULARIZACAO\intellicare-wanda\wanda\api\trace_routes.py"
"intellicare-wanda","GET","/api/v1/traces/anomalies","MODULARIZACAO\intellicare-wanda\wanda\api\trace_routes.py"
"intellicare-wanda","GET","/api/v1/traces/patterns","MODULARIZACAO\intellicare-wanda\wanda\api\trace_routes.py"
"intellicare-wanda","GET","/api/v1/workflows/available","MODULARIZACAO\intellicare-wanda\wanda\api\workflow_routes.py"
"intellicare-wanda","POST","/api/v1/workflows/execute","MODULARIZACAO\intellicare-wanda\wanda\api\workflow_routes.py"
"intellicare-wanda","GET","/api/v1/workflows/status/{execution_id}","MODULARIZACAO\intellicare-wanda\wanda\api\workflow_routes.py"
"intellicare-wanda","GET","/docs/{resource}","MODULARIZACAO\intellicare-wanda\fhir_specs_server.py"
"intellicare-wanda","GET","/examples/{resource}","MODULARIZACAO\intellicare-wanda\fhir_specs_server.py"
"intellicare-wanda","GET","/metrics","MODULARIZACAO\intellicare-wanda\wanda\api\metrics_routes.py"
"intellicare-wanda","GET","/schemas/{resource}","MODULARIZACAO\intellicare-wanda\fhir_specs_server.py"
"intellicare-zilda","GET","/api/v1/","MODULARIZACAO\intellicare-zilda\run_api_lite.py"
"intellicare-zilda","GET","/api/v1/establishment/{cnes_code}","MODULARIZACAO\intellicare-zilda\zilda\api\app.py"
"intellicare-zilda","GET","/api/v1/establishments","MODULARIZACAO\intellicare-zilda\zilda\api\app.py"
"intellicare-zilda","GET","/api/v1/health","MODULARIZACAO\intellicare-zilda\zilda\api\app.py"
"intellicare-zilda","GET","/api/v1/ibge/context/{city_code}","MODULARIZACAO\intellicare-zilda\run_api_lite.py"
"intellicare-zilda","GET","/api/v1/info","MODULARIZACAO\intellicare-zilda\zilda\api\app.py"
"intellicare-zilda","GET","/api/v1/region-context/{city_code}","MODULARIZACAO\intellicare-zilda\zilda\api\app.py"
"intellicare-zilda","GET","/api/v1/regions","MODULARIZACAO\intellicare-zilda\zilda\api\app.py"
"intellicare-zilda","GET","/api/v1/rnds/stats/{city_code}","MODULARIZACAO\intellicare-zilda\run_api_lite.py"
"intellicare-zilda","GET","/api/v1/territorial-summary","MODULARIZACAO\intellicare-zilda\zilda\api\app.py"
"intellicare-zilda","GET","/api/v1/unit-types","MODULARIZACAO\intellicare-zilda\zilda\api\app.py"
"intellicare-zilda","POST","/api/v1/validate","MODULARIZACAO\intellicare-zilda\zilda\api\app.py"
